--------------------------------------------------------
--  파일이 생성됨 - 월요일-7월-20-2020   
--------------------------------------------------------
Insert into WEB1.HOSPITAL (HOSP_ID,HOSP_PWD,HOSP_NAME,HOSP_ADDR,HOSP_TEL,HOSP_INFO,HOSP_CONV,HOSP_ENROLL_DATE) values ('hospital8','1ARVn2Auq2/WAqx2gNrL+q3RNjAzXpUfCXrzkA6d4Xa22yhRLy4AC50E+6UTPoscbo31nbOoq51gvkuXzJ6B2w==','합정연세의원','서울특별시 마포구 양화로 48 (합정동)','02-326-0365','365일 진료하는 합정연세365의원입니다.

tel. 2층 02)326-0365 (내과 소아과)
     3층 02)338-0365 (통증 물리치료 건강검진)','무선인터넷,장애인 편의시설',to_date('20/07/20','RR/MM/DD'));
Insert into WEB1.HOSPITAL (HOSP_ID,HOSP_PWD,HOSP_NAME,HOSP_ADDR,HOSP_TEL,HOSP_INFO,HOSP_CONV,HOSP_ENROLL_DATE) values ('hospital9','1ARVn2Auq2/WAqx2gNrL+q3RNjAzXpUfCXrzkA6d4Xa22yhRLy4AC50E+6UTPoscbo31nbOoq51gvkuXzJ6B2w==','다웰내과의원','서울특별시 마포구 큰우물로 76 (도화동)','02-322-5225','마포역 2번 출구에 위치한 
위/대장내시경 전문 마포 다웰내과 건강검진센터 입니다. 
현재 건국대학교병원 외래교수 소화기내과 전문의가 진행하는 
진단및 치료내시경 전문 종합건강검진센터 입니다. 
세브란스 병원 출신 여성 전문의 초빙으로 편안한 여성암 검진
더욱 원활한 진료와 검진을 하고있습니다. ','무선인터넷',to_date('20/07/20','RR/MM/DD'));
Insert into WEB1.HOSPITAL (HOSP_ID,HOSP_PWD,HOSP_NAME,HOSP_ADDR,HOSP_TEL,HOSP_INFO,HOSP_CONV,HOSP_ENROLL_DATE) values ('hos2','1ARVn2Auq2/WAqx2gNrL+q3RNjAzXpUfCXrzkA6d4Xa22yhRLy4AC50E+6UTPoscbo31nbOoq51gvkuXzJ6B2w==','홍익한사랑의원','서울특별시 마포구 독막로 63 (상수동)','02-372-4101','홍익한사랑의원입니다.','남/녀 화장실 구분',to_date('20/07/20','RR/MM/DD'));
Insert into WEB1.HOSPITAL (HOSP_ID,HOSP_PWD,HOSP_NAME,HOSP_ADDR,HOSP_TEL,HOSP_INFO,HOSP_CONV,HOSP_ENROLL_DATE) values ('hos3','1ARVn2Auq2/WAqx2gNrL+q3RNjAzXpUfCXrzkA6d4Xa22yhRLy4AC50E+6UTPoscbo31nbOoq51gvkuXzJ6B2w==','방병원','서울특별시 도봉구 우이천로 308 (쌍문동)','1577-4447','한일병원은 79년의 역사와 전통을 자랑하는 도봉구 유일의 종합 병원으로서 우수한 의료진과 의료 기술, 최첨단 시설과 장비를 보유하고 있습니다. 그리고 국내 최초의 화상 진료 전문 센터를 개설하여 외과, 응급의학과, 정형외과 및 성형외과의 긴밀한 연계를 통하여 이 분야 국내 최고의 진료를 시행하고 있습니다. 이와 더불어 강북 최대 규모의 재활 센터를 개설하여 지역 주민 여러분의 재활 치료에 큰 도움을 드리고 있습니다.','무선인터넷,남/녀 화장실 구분,주차,발렛파킹',to_date('20/07/20','RR/MM/DD'));
Insert into WEB1.HOSPITAL (HOSP_ID,HOSP_PWD,HOSP_NAME,HOSP_ADDR,HOSP_TEL,HOSP_INFO,HOSP_CONV,HOSP_ENROLL_DATE) values ('hos4','1ARVn2Auq2/WAqx2gNrL+q3RNjAzXpUfCXrzkA6d4Xa22yhRLy4AC50E+6UTPoscbo31nbOoq51gvkuXzJ6B2w==','중계의원','서울특별시 노원구 한글비석로 331 (중계동)','02-938-9491','*피부레이저시술 전문병원
*특설 레이저 시술
*CO2 레이저
*Q-Switched ND-YAG 레이저
*점, 주근깨, 잡티, 검버섯, 오타반점, 기미, 문신제거
*예방접종, 물리치료실 운영','무선인터넷',to_date('20/07/20','RR/MM/DD'));
Insert into WEB1.HOSPITAL (HOSP_ID,HOSP_PWD,HOSP_NAME,HOSP_ADDR,HOSP_TEL,HOSP_INFO,HOSP_CONV,HOSP_ENROLL_DATE) values ('hos5','1ARVn2Auq2/WAqx2gNrL+q3RNjAzXpUfCXrzkA6d4Xa22yhRLy4AC50E+6UTPoscbo31nbOoq51gvkuXzJ6B2w==','도봉병원','서울특별시 도봉구 도봉로 720 (방학동)','02-3492-3250','항상 가족과 같은 마음으로 정성과 최선을 다하겠습니다.','남/녀 화장실 구분,주차',to_date('20/07/20','RR/MM/DD'));
Insert into WEB1.HOSPITAL (HOSP_ID,HOSP_PWD,HOSP_NAME,HOSP_ADDR,HOSP_TEL,HOSP_INFO,HOSP_CONV,HOSP_ENROLL_DATE) values ('hospital2','1ARVn2Auq2/WAqx2gNrL+q3RNjAzXpUfCXrzkA6d4Xa22yhRLy4AC50E+6UTPoscbo31nbOoq51gvkuXzJ6B2w==','라이크치과 의원','서울특별시 마포구 신촌로 104 (노고산동)','02-6951-0011','2호선 신촌역 6번출구 바로 앞에 위치한 환자가 환자를 소개해주는 친절한 ''라이크치과''입니다.

@코로나19 바이러스 예방을 위한 의료기관 행동 수칙을 철저히 준수합니다@ 

대학병원급 규모와 최신식 시설과 장비, 자체기공소를 통한 당일 수술이 가능합니다. 

분과별 3인 의료진의 더블체크 시스템을 통한 정확한 수술과 평생 AS 보증 프로그램을 시행합니다. 

임플란트
(치주 임플란트, 앞니 임플란트, 전체 임플란트, 수면 임플란트, 틀니 임플란트, 뼈이식 임플란트, 재수술 임플란트, 보험 임플란트)
　
치아교정
(메탈교정, 세라믹교정, 클리피씨교정, 투명교정, 콤비교정, 설측교정, 엠파워교정, MTA교정, 데이몬교정, 인비절라인교정)
　
치주치료
(잇몸치료, 신경치료, 충치치료, 수면치료)
　　
심미보철
(라미네이트, 올세라믹, 크라운, 치아미백, 틀니/브릿지, 맞춤보철물) 
　　
일반진료
(충치치료, 신경치료, 사랑니 발치, 스케일링)

치아성형
(치아위치성형, 색조성형, 잇몸성형, 잇몸미백)
　　　
소아치료
(예방치료, 충치치료, 진정치료, 소아교정)','무선인터넷,남/녀 화장실 구분,주차',to_date('20/07/18','RR/MM/DD'));
Insert into WEB1.HOSPITAL (HOSP_ID,HOSP_PWD,HOSP_NAME,HOSP_ADDR,HOSP_TEL,HOSP_INFO,HOSP_CONV,HOSP_ENROLL_DATE) values ('hospital3','1ARVn2Auq2/WAqx2gNrL+q3RNjAzXpUfCXrzkA6d4Xa22yhRLy4AC50E+6UTPoscbo31nbOoq51gvkuXzJ6B2w==','메디스캔 의원','서울특별시 서초구 강남대로 369 (서초동)','02-525-5775','초음파우수진료병원, MDCT(다중검출 전산화 단층촬영), 초음파, 내시경, 건강검진, 내과진료

당신의 평생 건강 파트너. 메디스캔 메디컬 헬스케어
귀하께서 세상을 만들어가시는 동안 메디스캔이 귀하의 평생 건강을 책임지겠습니다.','주차',to_date('20/07/18','RR/MM/DD'));
Insert into WEB1.HOSPITAL (HOSP_ID,HOSP_PWD,HOSP_NAME,HOSP_ADDR,HOSP_TEL,HOSP_INFO,HOSP_CONV,HOSP_ENROLL_DATE) values ('hos1','1ARVn2Auq2/WAqx2gNrL+q3RNjAzXpUfCXrzkA6d4Xa22yhRLy4AC50E+6UTPoscbo31nbOoq51gvkuXzJ6B2w==','한솔병원','서울특별시 송파구 송파대로 445 (석촌동)','02-2147-6000','1990년 개원한 한솔병원은 대장항문특화병원이자, 보건복지부 인증의료기관이다. 
대장항문외과를 중심으로 소화기내과, 순환기내과, 유방·갑상선외과, 가정의학과, 영상의학과, 마취통증의학과, 건강증진센터를 운영하고 있다. 
2001년 국내 처음으로 대장암에 대한 복강경 수술법을 도입해 국제심포지엄을 개최하고 국내외 학술대회를 통해 본원의 술기와 우수성을 인정받았다. 
또한 단순히 병을 치료하는 병원이 아닌 지역사회와 함께 호흡하며, 나눔과 사랑을 실천하고자 1990년 개원 이래 해마다 유니세프, 사랑의 열매, 대한적십자사 등에 정기적인 후원하며 이웃돕기에 앞장서고 있다.  
한솔병원은 앞으로도 환자의 안전을 먼저 생각하고 의료서비스 질 향상을 위해 의료계의 선구자로서 끊임없이 연구하고 노력할 것입니다.','무선인터넷,장애인 편의시설,남/녀 화장실 구분,주차,발렛파킹',to_date('20/07/18','RR/MM/DD'));
Insert into WEB1.HOSPITAL (HOSP_ID,HOSP_PWD,HOSP_NAME,HOSP_ADDR,HOSP_TEL,HOSP_INFO,HOSP_CONV,HOSP_ENROLL_DATE) values ('hospital1','1ARVn2Auq2/WAqx2gNrL+q3RNjAzXpUfCXrzkA6d4Xa22yhRLy4AC50E+6UTPoscbo31nbOoq51gvkuXzJ6B2w==','닥터쁘띠 의원','서울특별시 광진구 아차산로 213 (화양동)','02-463-1755','닥터쁘띠 네트워크는 
보톡스,필러,리프팅,안티에이징,피부미용,비만관리,제모클리닉을 중점으로 진료하고 있는
토탈 뷰티클리닉 입니다.

1. 숙련된 의사에게 합리적인 비용으로, 보톡스, 필러 시술을 받을수 있습니다. 

2. 전 제품 정품 정량제도, 눈 앞에서 정품 개봉을 시행합니다.

3. 다양하고 많은 시술 케이스를 바탕으로 뛰어난 실력을 가지고 있는 원장님들이
고객님께 가장 어울리는 아름다움을 선사합니다. 

4. 자체 세미나를 진행하여 다양한 사례연구 및 최신 노하우를 서로 공유하고 발전시켜 고객님께
만족스러운 결과를 제공하기 위해 끊임없이 노력하고 있습니다.

5. 전문적이고 정성을 다한 상담을 통해 고객 감동 서비스를 제공하고 있습니다. ','주차',to_date('20/07/18','RR/MM/DD'));
Insert into WEB1.HOSPITAL (HOSP_ID,HOSP_PWD,HOSP_NAME,HOSP_ADDR,HOSP_TEL,HOSP_INFO,HOSP_CONV,HOSP_ENROLL_DATE) values ('hospital4','1ARVn2Auq2/WAqx2gNrL+q3RNjAzXpUfCXrzkA6d4Xa22yhRLy4AC50E+6UTPoscbo31nbOoq51gvkuXzJ6B2w==','하나병원','서울특별시 강남구 역삼로 245 (역삼동)','02-6925-1111','저희 하나이비인후과병원은 1995년 코수술 전문 클리닉으로 출발하여 내원한 환자가 무려 200만 명(2015년 기준)을 넘어섰습니다. 또한 매년 12만 명 정도의 환자분들이 직접 찾아주시고 있으며, 5만 명 이상(2015년 기준)의 환자분들이 성공적으로 수술을 받고 고통에서 벗어났습니다. 수술을 받은 환자분들께서 90% 이상의 높은 만족도를 느끼셨습니다.(코리아 리서치 조사 결과) 그 누구도 따라올 수 없는 치료실적, 이는 하나이비인후과병원이기 때문에 가능한 일입니다. 

누구보다 발 빠르게 움직여 온 하나이비인후과병원은 현재에 안주하지 않고 환자분들을 위해 정진하는 병원이 되겠습니다.','무선인터넷,남/녀 화장실 구분,주차,발렛파킹',to_date('20/07/20','RR/MM/DD'));
Insert into WEB1.HOSPITAL (HOSP_ID,HOSP_PWD,HOSP_NAME,HOSP_ADDR,HOSP_TEL,HOSP_INFO,HOSP_CONV,HOSP_ENROLL_DATE) values ('hospital5','1ARVn2Auq2/WAqx2gNrL+q3RNjAzXpUfCXrzkA6d4Xa22yhRLy4AC50E+6UTPoscbo31nbOoq51gvkuXzJ6B2w==','서울배내과의원','서울특별시 강남구 논현로 509 (역삼동)','02-529-3002','더 편안하게, 더 정확하게, 더 빠르게!
검진과 진료를 동시에 받으실 수 있습니다.','남/녀 화장실 구분',to_date('20/07/20','RR/MM/DD'));
Insert into WEB1.HOSPITAL (HOSP_ID,HOSP_PWD,HOSP_NAME,HOSP_ADDR,HOSP_TEL,HOSP_INFO,HOSP_CONV,HOSP_ENROLL_DATE) values ('hospital6','1ARVn2Auq2/WAqx2gNrL+q3RNjAzXpUfCXrzkA6d4Xa22yhRLy4AC50E+6UTPoscbo31nbOoq51gvkuXzJ6B2w==','연세신경외과','서울특별시 강남구 논현로 853 (신사동)','02-6353-5000','신경외과 | 정형외과 | 통증의학과 | 내과 | 뇌신경과 | 영상의학과 | 도수재활치료센터 | 입원실

-압구정역 4번출구 바로 앞에 위치
-척추/관절 비수술치료 및 고난이도 수술, 도수치료, 뇌검진, 내과진료까지
-고혈압, 당뇨병, 성인병, 만성질환 내과진료
-연세대 세브란스 출신 의료진
-3.0T 고해상도 MRI, 디지털 X-ray 등 첨단 의료장비 보유
-입원실, 수술실 완비','무선인터넷,장애인 편의시설,남/녀 화장실 구분,주차,발렛파킹',to_date('20/07/20','RR/MM/DD'));
Insert into WEB1.HOSPITAL (HOSP_ID,HOSP_PWD,HOSP_NAME,HOSP_ADDR,HOSP_TEL,HOSP_INFO,HOSP_CONV,HOSP_ENROLL_DATE) values ('hospital7','1ARVn2Auq2/WAqx2gNrL+q3RNjAzXpUfCXrzkA6d4Xa22yhRLy4AC50E+6UTPoscbo31nbOoq51gvkuXzJ6B2w==','비에비스병원','서울특별시 강남구 논현로 627 (논현동)','1577-7502','위/간/장 등 소화기질환 특화병원입니다. 위간장센터 / 내시경센터 / 당일내시경센터 / 단일통로복강경수술센터 / 유방갑상선센터 / 가정의학센터 / 안티에이징비만센터 / 건강검진센터 등으로 이루어져 있습니다.','주차',to_date('20/07/20','RR/MM/DD'));

Insert into WEB1.HOSPITAL_FILE (DOCTOR_NO,HOSP_ID,BOARD_ORIGINAL_FILENAME,BOARD_RENAMED_FILENAME,USE) values ('89898','hospital8',null,null,null);
Insert into WEB1.HOSPITAL_FILE (DOCTOR_NO,HOSP_ID,BOARD_ORIGINAL_FILENAME,BOARD_RENAMED_FILENAME,USE) values (null,'hospital2','K-004.png','20200718_005314826_780.png','logo');
Insert into WEB1.HOSPITAL_FILE (DOCTOR_NO,HOSP_ID,BOARD_ORIGINAL_FILENAME,BOARD_RENAMED_FILENAME,USE) values (null,'hospital2','K-005.png','20200718_005314827_316.png','thumbnail');
Insert into WEB1.HOSPITAL_FILE (DOCTOR_NO,HOSP_ID,BOARD_ORIGINAL_FILENAME,BOARD_RENAMED_FILENAME,USE) values (null,'hospital3','K-004.png','20200718_005833344_702.png','logo');
Insert into WEB1.HOSPITAL_FILE (DOCTOR_NO,HOSP_ID,BOARD_ORIGINAL_FILENAME,BOARD_RENAMED_FILENAME,USE) values (null,'hospital3','15203931019.jpg','20200718_005833345_797.jpg','thumbnail');
Insert into WEB1.HOSPITAL_FILE (DOCTOR_NO,HOSP_ID,BOARD_ORIGINAL_FILENAME,BOARD_RENAMED_FILENAME,USE) values (null,'hos1','K-005.png','20200718_010239442_217.png','logo');
Insert into WEB1.HOSPITAL_FILE (DOCTOR_NO,HOSP_ID,BOARD_ORIGINAL_FILENAME,BOARD_RENAMED_FILENAME,USE) values (null,'hos1','main_visual02_img01.jpg','20200718_010239444_904.jpg','thumbnail');
Insert into WEB1.HOSPITAL_FILE (DOCTOR_NO,HOSP_ID,BOARD_ORIGINAL_FILENAME,BOARD_RENAMED_FILENAME,USE) values (null,'hospital1','K-004.png','20200718_012007418_312.png','logo');
Insert into WEB1.HOSPITAL_FILE (DOCTOR_NO,HOSP_ID,BOARD_ORIGINAL_FILENAME,BOARD_RENAMED_FILENAME,USE) values (null,'hospital1','iTIA3nlylQjDCVyTUPpJD1V_.jpg','20200718_012007419_848.jpg','thumbnail');
Insert into WEB1.HOSPITAL_FILE (DOCTOR_NO,HOSP_ID,BOARD_ORIGINAL_FILENAME,BOARD_RENAMED_FILENAME,USE) values ('11111','hospital1','K-001.png','20200718_012534758_170.png',null);
Insert into WEB1.HOSPITAL_FILE (DOCTOR_NO,HOSP_ID,BOARD_ORIGINAL_FILENAME,BOARD_RENAMED_FILENAME,USE) values ('22222','hospital1','K-002.png','20200718_012629617_754.png',null);
Insert into WEB1.HOSPITAL_FILE (DOCTOR_NO,HOSP_ID,BOARD_ORIGINAL_FILENAME,BOARD_RENAMED_FILENAME,USE) values ('33333','hospital1','K-003.png','20200718_012714738_990.png',null);
Insert into WEB1.HOSPITAL_FILE (DOCTOR_NO,HOSP_ID,BOARD_ORIGINAL_FILENAME,BOARD_RENAMED_FILENAME,USE) values ('55555','hospital2','K-003.png','20200718_012834280_611.png',null);
Insert into WEB1.HOSPITAL_FILE (DOCTOR_NO,HOSP_ID,BOARD_ORIGINAL_FILENAME,BOARD_RENAMED_FILENAME,USE) values ('22345','hospital3','K-001.png','20200718_014645024_887.png',null);
Insert into WEB1.HOSPITAL_FILE (DOCTOR_NO,HOSP_ID,BOARD_ORIGINAL_FILENAME,BOARD_RENAMED_FILENAME,USE) values ('77777','hospital2','K-001.png','20200718_013149600_115.png',null);
Insert into WEB1.HOSPITAL_FILE (DOCTOR_NO,HOSP_ID,BOARD_ORIGINAL_FILENAME,BOARD_RENAMED_FILENAME,USE) values ('12345','hospital3','K-006.png','20200718_014428358_305.png',null);
Insert into WEB1.HOSPITAL_FILE (DOCTOR_NO,HOSP_ID,BOARD_ORIGINAL_FILENAME,BOARD_RENAMED_FILENAME,USE) values ('33345','hospital3','K-002.png','20200718_014743514_870.png',null);
Insert into WEB1.HOSPITAL_FILE (DOCTOR_NO,HOSP_ID,BOARD_ORIGINAL_FILENAME,BOARD_RENAMED_FILENAME,USE) values ('44445','hospital3','K-003.png','20200718_014839441_251.png',null);
Insert into WEB1.HOSPITAL_FILE (DOCTOR_NO,HOSP_ID,BOARD_ORIGINAL_FILENAME,BOARD_RENAMED_FILENAME,USE) values ('13579','hos1','leedongkeun-1.jpg','20200718_014954960_251.jpg',null);
Insert into WEB1.HOSPITAL_FILE (DOCTOR_NO,HOSP_ID,BOARD_ORIGINAL_FILENAME,BOARD_RENAMED_FILENAME,USE) values ('35791','hos1','jungchunsik-2.jpg','20200718_015044581_89.jpg',null);
Insert into WEB1.HOSPITAL_FILE (DOCTOR_NO,HOSP_ID,BOARD_ORIGINAL_FILENAME,BOARD_RENAMED_FILENAME,USE) values ('57913','hos1','Whang.jpg','20200718_015146819_181.jpg',null);
Insert into WEB1.HOSPITAL_FILE (DOCTOR_NO,HOSP_ID,BOARD_ORIGINAL_FILENAME,BOARD_RENAMED_FILENAME,USE) values ('66666','hospital2','K-002.png','20200718_013030271_674.png',null);
Insert into WEB1.HOSPITAL_FILE (DOCTOR_NO,HOSP_ID,BOARD_ORIGINAL_FILENAME,BOARD_RENAMED_FILENAME,USE) values (null,'hospital4',null,null,'logo');
Insert into WEB1.HOSPITAL_FILE (DOCTOR_NO,HOSP_ID,BOARD_ORIGINAL_FILENAME,BOARD_RENAMED_FILENAME,USE) values (null,'hospital4',null,null,'thumbnail');
Insert into WEB1.HOSPITAL_FILE (DOCTOR_NO,HOSP_ID,BOARD_ORIGINAL_FILENAME,BOARD_RENAMED_FILENAME,USE) values (null,'hospital5',null,null,'logo');
Insert into WEB1.HOSPITAL_FILE (DOCTOR_NO,HOSP_ID,BOARD_ORIGINAL_FILENAME,BOARD_RENAMED_FILENAME,USE) values (null,'hospital5',null,null,'thumbnail');
Insert into WEB1.HOSPITAL_FILE (DOCTOR_NO,HOSP_ID,BOARD_ORIGINAL_FILENAME,BOARD_RENAMED_FILENAME,USE) values (null,'hospital6',null,null,'logo');
Insert into WEB1.HOSPITAL_FILE (DOCTOR_NO,HOSP_ID,BOARD_ORIGINAL_FILENAME,BOARD_RENAMED_FILENAME,USE) values (null,'hospital6',null,null,'thumbnail');
Insert into WEB1.HOSPITAL_FILE (DOCTOR_NO,HOSP_ID,BOARD_ORIGINAL_FILENAME,BOARD_RENAMED_FILENAME,USE) values (null,'hospital7',null,null,'logo');
Insert into WEB1.HOSPITAL_FILE (DOCTOR_NO,HOSP_ID,BOARD_ORIGINAL_FILENAME,BOARD_RENAMED_FILENAME,USE) values (null,'hospital7',null,null,'thumbnail');
Insert into WEB1.HOSPITAL_FILE (DOCTOR_NO,HOSP_ID,BOARD_ORIGINAL_FILENAME,BOARD_RENAMED_FILENAME,USE) values (null,'hospital8',null,null,'logo');
Insert into WEB1.HOSPITAL_FILE (DOCTOR_NO,HOSP_ID,BOARD_ORIGINAL_FILENAME,BOARD_RENAMED_FILENAME,USE) values (null,'hospital8',null,null,'thumbnail');
Insert into WEB1.HOSPITAL_FILE (DOCTOR_NO,HOSP_ID,BOARD_ORIGINAL_FILENAME,BOARD_RENAMED_FILENAME,USE) values (null,'hospital9',null,null,'logo');
Insert into WEB1.HOSPITAL_FILE (DOCTOR_NO,HOSP_ID,BOARD_ORIGINAL_FILENAME,BOARD_RENAMED_FILENAME,USE) values (null,'hospital9',null,null,'thumbnail');
Insert into WEB1.HOSPITAL_FILE (DOCTOR_NO,HOSP_ID,BOARD_ORIGINAL_FILENAME,BOARD_RENAMED_FILENAME,USE) values (null,'hos2',null,null,'logo');
Insert into WEB1.HOSPITAL_FILE (DOCTOR_NO,HOSP_ID,BOARD_ORIGINAL_FILENAME,BOARD_RENAMED_FILENAME,USE) values (null,'hos2',null,null,'thumbnail');
Insert into WEB1.HOSPITAL_FILE (DOCTOR_NO,HOSP_ID,BOARD_ORIGINAL_FILENAME,BOARD_RENAMED_FILENAME,USE) values (null,'hos3',null,null,'logo');
Insert into WEB1.HOSPITAL_FILE (DOCTOR_NO,HOSP_ID,BOARD_ORIGINAL_FILENAME,BOARD_RENAMED_FILENAME,USE) values (null,'hos3',null,null,'thumbnail');
Insert into WEB1.HOSPITAL_FILE (DOCTOR_NO,HOSP_ID,BOARD_ORIGINAL_FILENAME,BOARD_RENAMED_FILENAME,USE) values (null,'hos4',null,null,'logo');
Insert into WEB1.HOSPITAL_FILE (DOCTOR_NO,HOSP_ID,BOARD_ORIGINAL_FILENAME,BOARD_RENAMED_FILENAME,USE) values (null,'hos4',null,null,'thumbnail');
Insert into WEB1.HOSPITAL_FILE (DOCTOR_NO,HOSP_ID,BOARD_ORIGINAL_FILENAME,BOARD_RENAMED_FILENAME,USE) values (null,'hos5',null,null,'logo');
Insert into WEB1.HOSPITAL_FILE (DOCTOR_NO,HOSP_ID,BOARD_ORIGINAL_FILENAME,BOARD_RENAMED_FILENAME,USE) values (null,'hos5',null,null,'thumbnail');
Insert into WEB1.HOSPITAL_FILE (DOCTOR_NO,HOSP_ID,BOARD_ORIGINAL_FILENAME,BOARD_RENAMED_FILENAME,USE) values ('01111','hospital4',null,null,null);
Insert into WEB1.HOSPITAL_FILE (DOCTOR_NO,HOSP_ID,BOARD_ORIGINAL_FILENAME,BOARD_RENAMED_FILENAME,USE) values ('00111','hospital4',null,null,null);
Insert into WEB1.HOSPITAL_FILE (DOCTOR_NO,HOSP_ID,BOARD_ORIGINAL_FILENAME,BOARD_RENAMED_FILENAME,USE) values ('00011','hospital4',null,null,null);
Insert into WEB1.HOSPITAL_FILE (DOCTOR_NO,HOSP_ID,BOARD_ORIGINAL_FILENAME,BOARD_RENAMED_FILENAME,USE) values ('98765','hospital5',null,null,null);
Insert into WEB1.HOSPITAL_FILE (DOCTOR_NO,HOSP_ID,BOARD_ORIGINAL_FILENAME,BOARD_RENAMED_FILENAME,USE) values ('99998','hospital5',null,null,null);
Insert into WEB1.HOSPITAL_FILE (DOCTOR_NO,HOSP_ID,BOARD_ORIGINAL_FILENAME,BOARD_RENAMED_FILENAME,USE) values ('00000','hospital5',null,null,null);
Insert into WEB1.HOSPITAL_FILE (DOCTOR_NO,HOSP_ID,BOARD_ORIGINAL_FILENAME,BOARD_RENAMED_FILENAME,USE) values ('99988','hospital6',null,null,null);
Insert into WEB1.HOSPITAL_FILE (DOCTOR_NO,HOSP_ID,BOARD_ORIGINAL_FILENAME,BOARD_RENAMED_FILENAME,USE) values ('99888','hospital6',null,null,null);
Insert into WEB1.HOSPITAL_FILE (DOCTOR_NO,HOSP_ID,BOARD_ORIGINAL_FILENAME,BOARD_RENAMED_FILENAME,USE) values ('98888','hospital6',null,null,null);
Insert into WEB1.HOSPITAL_FILE (DOCTOR_NO,HOSP_ID,BOARD_ORIGINAL_FILENAME,BOARD_RENAMED_FILENAME,USE) values ('88889','hospital7',null,null,null);
Insert into WEB1.HOSPITAL_FILE (DOCTOR_NO,HOSP_ID,BOARD_ORIGINAL_FILENAME,BOARD_RENAMED_FILENAME,USE) values ('88899','hospital7',null,null,null);
Insert into WEB1.HOSPITAL_FILE (DOCTOR_NO,HOSP_ID,BOARD_ORIGINAL_FILENAME,BOARD_RENAMED_FILENAME,USE) values ('88999','hospital8',null,null,null);
Insert into WEB1.HOSPITAL_FILE (DOCTOR_NO,HOSP_ID,BOARD_ORIGINAL_FILENAME,BOARD_RENAMED_FILENAME,USE) values ('89999','hospital8',null,null,null);
Insert into WEB1.HOSPITAL_FILE (DOCTOR_NO,HOSP_ID,BOARD_ORIGINAL_FILENAME,BOARD_RENAMED_FILENAME,USE) values ('98989','hospital9',null,null,null);
Insert into WEB1.HOSPITAL_FILE (DOCTOR_NO,HOSP_ID,BOARD_ORIGINAL_FILENAME,BOARD_RENAMED_FILENAME,USE) values ('98888','hospital9',null,null,null);
Insert into WEB1.HOSPITAL_FILE (DOCTOR_NO,HOSP_ID,BOARD_ORIGINAL_FILENAME,BOARD_RENAMED_FILENAME,USE) values ('98887','hospital9',null,null,null);
Insert into WEB1.HOSPITAL_FILE (DOCTOR_NO,HOSP_ID,BOARD_ORIGINAL_FILENAME,BOARD_RENAMED_FILENAME,USE) values ('454545','hos2',null,null,null);
Insert into WEB1.HOSPITAL_FILE (DOCTOR_NO,HOSP_ID,BOARD_ORIGINAL_FILENAME,BOARD_RENAMED_FILENAME,USE) values ('54545','hos2',null,null,null);
Insert into WEB1.HOSPITAL_FILE (DOCTOR_NO,HOSP_ID,BOARD_ORIGINAL_FILENAME,BOARD_RENAMED_FILENAME,USE) values ('12321','hos3',null,null,null);
Insert into WEB1.HOSPITAL_FILE (DOCTOR_NO,HOSP_ID,BOARD_ORIGINAL_FILENAME,BOARD_RENAMED_FILENAME,USE) values ('12311','hos3',null,null,null);
Insert into WEB1.HOSPITAL_FILE (DOCTOR_NO,HOSP_ID,BOARD_ORIGINAL_FILENAME,BOARD_RENAMED_FILENAME,USE) values ('78787','hos4',null,null,null);
Insert into WEB1.HOSPITAL_FILE (DOCTOR_NO,HOSP_ID,BOARD_ORIGINAL_FILENAME,BOARD_RENAMED_FILENAME,USE) values ('87878','hos4',null,null,null);

Insert into WEB1.HOSPITAL_TIME (HOSP_ID,MON_OPEN,MON_END,TUE_OPEN,TUE_END,WED_OPEN,WED_END,THU_OPEN,THU_END,FRI_OPEN,FRI_END,SAT_OPEN,SAT_END,SUN_OPEN,SUN_END,LUN_OPEN,LUN_END) values ('hospital2','10:00','21:00','10:00','21:00','10:00','21:00','10:00','21:00','10:00','19:00','10:00','14:00',null,null,'13:00','14:00');
Insert into WEB1.HOSPITAL_TIME (HOSP_ID,MON_OPEN,MON_END,TUE_OPEN,TUE_END,WED_OPEN,WED_END,THU_OPEN,THU_END,FRI_OPEN,FRI_END,SAT_OPEN,SAT_END,SUN_OPEN,SUN_END,LUN_OPEN,LUN_END) values ('hospital3','9:00','20:00','9:00','20:00','9:00','20:00','9:00','20:00','9:00','20:00','9:00','14:00',null,null,'12:00','13:30');
Insert into WEB1.HOSPITAL_TIME (HOSP_ID,MON_OPEN,MON_END,TUE_OPEN,TUE_END,WED_OPEN,WED_END,THU_OPEN,THU_END,FRI_OPEN,FRI_END,SAT_OPEN,SAT_END,SUN_OPEN,SUN_END,LUN_OPEN,LUN_END) values ('hos1','9:00','19:30','9:00','19:30','9:00','19:30','9:00','19:30','9:00','19:30','9:00','15:00',null,null,'13:00','14:00');
Insert into WEB1.HOSPITAL_TIME (HOSP_ID,MON_OPEN,MON_END,TUE_OPEN,TUE_END,WED_OPEN,WED_END,THU_OPEN,THU_END,FRI_OPEN,FRI_END,SAT_OPEN,SAT_END,SUN_OPEN,SUN_END,LUN_OPEN,LUN_END) values ('hospital1','10:30','19:00','10:30','21:00','10:30','21:00','10:30','21:00','10:30','21:00','10:30','21:00',null,null,'13:00','14:00');
Insert into WEB1.HOSPITAL_TIME (HOSP_ID,MON_OPEN,MON_END,TUE_OPEN,TUE_END,WED_OPEN,WED_END,THU_OPEN,THU_END,FRI_OPEN,FRI_END,SAT_OPEN,SAT_END,SUN_OPEN,SUN_END,LUN_OPEN,LUN_END) values ('hospital4','9:00','18:00','9:00','18:00','9:00','18:00','9:00','18:00','9:00','18:00','9:00','14:00',null,null,'12:30','14:00');
Insert into WEB1.HOSPITAL_TIME (HOSP_ID,MON_OPEN,MON_END,TUE_OPEN,TUE_END,WED_OPEN,WED_END,THU_OPEN,THU_END,FRI_OPEN,FRI_END,SAT_OPEN,SAT_END,SUN_OPEN,SUN_END,LUN_OPEN,LUN_END) values ('hospital5','9:00','18:00','9:00','18:00','9:00','18:00','9:00','18:00','9:00','18:00','9:00','14:00',null,null,'13:00','14:00');
Insert into WEB1.HOSPITAL_TIME (HOSP_ID,MON_OPEN,MON_END,TUE_OPEN,TUE_END,WED_OPEN,WED_END,THU_OPEN,THU_END,FRI_OPEN,FRI_END,SAT_OPEN,SAT_END,SUN_OPEN,SUN_END,LUN_OPEN,LUN_END) values ('hospital6','9:00','18:00','9:00','18:00','9:00','18:00','9:00','18:00','9:00','18:00','9:00','14:00',null,null,'13:00','14:00');
Insert into WEB1.HOSPITAL_TIME (HOSP_ID,MON_OPEN,MON_END,TUE_OPEN,TUE_END,WED_OPEN,WED_END,THU_OPEN,THU_END,FRI_OPEN,FRI_END,SAT_OPEN,SAT_END,SUN_OPEN,SUN_END,LUN_OPEN,LUN_END) values ('hospital7','9:00','19:00','9:00','19:00','9:00','19:00','9:00','19:00','9:00','19:00','9:00','14:00',null,null,'11:00','12:30');
Insert into WEB1.HOSPITAL_TIME (HOSP_ID,MON_OPEN,MON_END,TUE_OPEN,TUE_END,WED_OPEN,WED_END,THU_OPEN,THU_END,FRI_OPEN,FRI_END,SAT_OPEN,SAT_END,SUN_OPEN,SUN_END,LUN_OPEN,LUN_END) values ('hospital8','9:00','21:00','9:00','21:00','9:00','21:00','9:00','21:00','9:00','21:00','9:00','19:00','9:00','19:00','13:00','14:00');
Insert into WEB1.HOSPITAL_TIME (HOSP_ID,MON_OPEN,MON_END,TUE_OPEN,TUE_END,WED_OPEN,WED_END,THU_OPEN,THU_END,FRI_OPEN,FRI_END,SAT_OPEN,SAT_END,SUN_OPEN,SUN_END,LUN_OPEN,LUN_END) values ('hospital9','9:00','19:00','9:00','18:00','9:00','19:00','9:00','18:00','9:00','19:00','9:00','14:00',null,null,null,null);
Insert into WEB1.HOSPITAL_TIME (HOSP_ID,MON_OPEN,MON_END,TUE_OPEN,TUE_END,WED_OPEN,WED_END,THU_OPEN,THU_END,FRI_OPEN,FRI_END,SAT_OPEN,SAT_END,SUN_OPEN,SUN_END,LUN_OPEN,LUN_END) values ('hos2','9:00','19:00','9:00','19:00','9:00','19:00','9:00','19:00','9:00','19:00','9:00','14:00',null,null,'12:30','14:00');
Insert into WEB1.HOSPITAL_TIME (HOSP_ID,MON_OPEN,MON_END,TUE_OPEN,TUE_END,WED_OPEN,WED_END,THU_OPEN,THU_END,FRI_OPEN,FRI_END,SAT_OPEN,SAT_END,SUN_OPEN,SUN_END,LUN_OPEN,LUN_END) values ('hos3','9:00','18:00','9:00','18:00','9:00','18:00','9:00','18:00','9:00','18:00','9:00','18:00',null,null,'12:30','13:30');
Insert into WEB1.HOSPITAL_TIME (HOSP_ID,MON_OPEN,MON_END,TUE_OPEN,TUE_END,WED_OPEN,WED_END,THU_OPEN,THU_END,FRI_OPEN,FRI_END,SAT_OPEN,SAT_END,SUN_OPEN,SUN_END,LUN_OPEN,LUN_END) values ('hos4','9:00','18:30','9:00','18:30','9:00','14:00','9:00','18:30','9:00','18:30','9:00','14:00',null,null,'13:00','14:00');
Insert into WEB1.HOSPITAL_TIME (HOSP_ID,MON_OPEN,MON_END,TUE_OPEN,TUE_END,WED_OPEN,WED_END,THU_OPEN,THU_END,FRI_OPEN,FRI_END,SAT_OPEN,SAT_END,SUN_OPEN,SUN_END,LUN_OPEN,LUN_END) values ('hos5','9:00','18:00','9:00','18:00','9:00','18:00','9:00','18:00','9:00','18:00','9:00','14:00',null,null,'11:00','12:00');

Insert into WEB1.HOSP_DOCTOR (DOCTOR_NO,HOSP_ID,DOCTOR_NAME,HOSP_DEPT,DOCTOR_TREAT,DOCTOR_SPEC) values ('89898','hospital8','구팔이','안과',null,null);
Insert into WEB1.HOSP_DOCTOR (DOCTOR_NO,HOSP_ID,DOCTOR_NAME,HOSP_DEPT,DOCTOR_TREAT,DOCTOR_SPEC) values ('11111','hospital1','고경덕','피부과','백반증, 여드름, 미백','피부과 전문의');
Insert into WEB1.HOSP_DOCTOR (DOCTOR_NO,HOSP_ID,DOCTOR_NAME,HOSP_DEPT,DOCTOR_TREAT,DOCTOR_SPEC) values ('22222','hospital1','김연진','피부과','문신제거, 백반증','피부과 전문의');
Insert into WEB1.HOSP_DOCTOR (DOCTOR_NO,HOSP_ID,DOCTOR_NAME,HOSP_DEPT,DOCTOR_TREAT,DOCTOR_SPEC) values ('33333','hospital1','강주희','피부과','피부미용, 제모클리닉','피부과 전문의');
Insert into WEB1.HOSP_DOCTOR (DOCTOR_NO,HOSP_ID,DOCTOR_NAME,HOSP_DEPT,DOCTOR_TREAT,DOCTOR_SPEC) values ('55555','hospital2','여인성','치과','임플란트, 사랑니발치','대표원장');
Insert into WEB1.HOSP_DOCTOR (DOCTOR_NO,HOSP_ID,DOCTOR_NAME,HOSP_DEPT,DOCTOR_TREAT,DOCTOR_SPEC) values ('22345','hospital3','남지은','내과','폐암, 갑상선암 클리닉','영상의학과/전문의');
Insert into WEB1.HOSP_DOCTOR (DOCTOR_NO,HOSP_ID,DOCTOR_NAME,HOSP_DEPT,DOCTOR_TREAT,DOCTOR_SPEC) values ('77777','hospital2','정혜림','치과','충치, 치아형태 이상','치과보존과 전문의');
Insert into WEB1.HOSP_DOCTOR (DOCTOR_NO,HOSP_ID,DOCTOR_NAME,HOSP_DEPT,DOCTOR_TREAT,DOCTOR_SPEC) values ('12345','hospital3','박준균','내과','건강검진, 내과진료','대표원장/전문의');
Insert into WEB1.HOSP_DOCTOR (DOCTOR_NO,HOSP_ID,DOCTOR_NAME,HOSP_DEPT,DOCTOR_TREAT,DOCTOR_SPEC) values ('33345','hospital3','황진숙','내과','감기, 내과진료','가정의학과/전문의');
Insert into WEB1.HOSP_DOCTOR (DOCTOR_NO,HOSP_ID,DOCTOR_NAME,HOSP_DEPT,DOCTOR_TREAT,DOCTOR_SPEC) values ('44445','hospital3','신하늘샘','내과','초음파, 내시경','소화기과/전문의');
Insert into WEB1.HOSP_DOCTOR (DOCTOR_NO,HOSP_ID,DOCTOR_NAME,HOSP_DEPT,DOCTOR_TREAT,DOCTOR_SPEC) values ('13579','hos1','이동근','외과','치핵,치루,치열','의학박사 / 외과전문의');
Insert into WEB1.HOSP_DOCTOR (DOCTOR_NO,HOSP_ID,DOCTOR_NAME,HOSP_DEPT,DOCTOR_TREAT,DOCTOR_SPEC) values ('35791','hos1','정춘식','외과','복강경수술, 일반외과','복강경수술센터장 / 외과전문의');
Insert into WEB1.HOSP_DOCTOR (DOCTOR_NO,HOSP_ID,DOCTOR_NAME,HOSP_DEPT,DOCTOR_TREAT,DOCTOR_SPEC) values ('57913','hos1','황재관','외과','복강경수술, 일반외과','약제위원장 / 외과전문의');
Insert into WEB1.HOSP_DOCTOR (DOCTOR_NO,HOSP_ID,DOCTOR_NAME,HOSP_DEPT,DOCTOR_TREAT,DOCTOR_SPEC) values ('66666','hospital2','김현혜','치과','디지털치아교정','교정과 전문의');
Insert into WEB1.HOSP_DOCTOR (DOCTOR_NO,HOSP_ID,DOCTOR_NAME,HOSP_DEPT,DOCTOR_TREAT,DOCTOR_SPEC) values ('01111','hospital4','김의사','내과',null,null);
Insert into WEB1.HOSP_DOCTOR (DOCTOR_NO,HOSP_ID,DOCTOR_NAME,HOSP_DEPT,DOCTOR_TREAT,DOCTOR_SPEC) values ('00111','hospital4','이의사','외과',null,null);
Insert into WEB1.HOSP_DOCTOR (DOCTOR_NO,HOSP_ID,DOCTOR_NAME,HOSP_DEPT,DOCTOR_TREAT,DOCTOR_SPEC) values ('00011','hospital4','박의사','안과',null,null);
Insert into WEB1.HOSP_DOCTOR (DOCTOR_NO,HOSP_ID,DOCTOR_NAME,HOSP_DEPT,DOCTOR_TREAT,DOCTOR_SPEC) values ('98765','hospital5','한의사','정신과',null,null);
Insert into WEB1.HOSP_DOCTOR (DOCTOR_NO,HOSP_ID,DOCTOR_NAME,HOSP_DEPT,DOCTOR_TREAT,DOCTOR_SPEC) values ('99998','hospital5','구의사','피부과',null,null);
Insert into WEB1.HOSP_DOCTOR (DOCTOR_NO,HOSP_ID,DOCTOR_NAME,HOSP_DEPT,DOCTOR_TREAT,DOCTOR_SPEC) values ('00000','hospital5','사의사','내과',null,null);
Insert into WEB1.HOSP_DOCTOR (DOCTOR_NO,HOSP_ID,DOCTOR_NAME,HOSP_DEPT,DOCTOR_TREAT,DOCTOR_SPEC) values ('99988','hospital6','감의사','안과',null,null);
Insert into WEB1.HOSP_DOCTOR (DOCTOR_NO,HOSP_ID,DOCTOR_NAME,HOSP_DEPT,DOCTOR_TREAT,DOCTOR_SPEC) values ('99888','hospital6','도의사','외과',null,null);
Insert into WEB1.HOSP_DOCTOR (DOCTOR_NO,HOSP_ID,DOCTOR_NAME,HOSP_DEPT,DOCTOR_TREAT,DOCTOR_SPEC) values ('98888','hospital6','신의사','외과',null,null);
Insert into WEB1.HOSP_DOCTOR (DOCTOR_NO,HOSP_ID,DOCTOR_NAME,HOSP_DEPT,DOCTOR_TREAT,DOCTOR_SPEC) values ('88889','hospital7','김의사','정신과',null,null);
Insert into WEB1.HOSP_DOCTOR (DOCTOR_NO,HOSP_ID,DOCTOR_NAME,HOSP_DEPT,DOCTOR_TREAT,DOCTOR_SPEC) values ('88899','hospital7','고의사','치과',null,null);
Insert into WEB1.HOSP_DOCTOR (DOCTOR_NO,HOSP_ID,DOCTOR_NAME,HOSP_DEPT,DOCTOR_TREAT,DOCTOR_SPEC) values ('88999','hospital8','팔의사','내과',null,null);
Insert into WEB1.HOSP_DOCTOR (DOCTOR_NO,HOSP_ID,DOCTOR_NAME,HOSP_DEPT,DOCTOR_TREAT,DOCTOR_SPEC) values ('89999','hospital8','구사라','정신과',null,null);
Insert into WEB1.HOSP_DOCTOR (DOCTOR_NO,HOSP_ID,DOCTOR_NAME,HOSP_DEPT,DOCTOR_TREAT,DOCTOR_SPEC) values ('98989','hospital9','팔구구','치과',null,null);
Insert into WEB1.HOSP_DOCTOR (DOCTOR_NO,HOSP_ID,DOCTOR_NAME,HOSP_DEPT,DOCTOR_TREAT,DOCTOR_SPEC) values ('98887','hospital9','구팔사','정신과',null,null);
Insert into WEB1.HOSP_DOCTOR (DOCTOR_NO,HOSP_ID,DOCTOR_NAME,HOSP_DEPT,DOCTOR_TREAT,DOCTOR_SPEC) values ('454545','hos2','사오삼','외과',null,null);
Insert into WEB1.HOSP_DOCTOR (DOCTOR_NO,HOSP_ID,DOCTOR_NAME,HOSP_DEPT,DOCTOR_TREAT,DOCTOR_SPEC) values ('54545','hos2','오사삼','피부과',null,null);
Insert into WEB1.HOSP_DOCTOR (DOCTOR_NO,HOSP_ID,DOCTOR_NAME,HOSP_DEPT,DOCTOR_TREAT,DOCTOR_SPEC) values ('12321','hos3','일이삼','피부과',null,null);
Insert into WEB1.HOSP_DOCTOR (DOCTOR_NO,HOSP_ID,DOCTOR_NAME,HOSP_DEPT,DOCTOR_TREAT,DOCTOR_SPEC) values ('12311','hos3','눈사랑','안과',null,null);
Insert into WEB1.HOSP_DOCTOR (DOCTOR_NO,HOSP_ID,DOCTOR_NAME,HOSP_DEPT,DOCTOR_TREAT,DOCTOR_SPEC) values ('78787','hos4','칠팔이','내과',null,null);
Insert into WEB1.HOSP_DOCTOR (DOCTOR_NO,HOSP_ID,DOCTOR_NAME,HOSP_DEPT,DOCTOR_TREAT,DOCTOR_SPEC) values ('87878','hos4','팔칠이','치과',null,null);